ID_FONOGRAMA_COLETIVO,ID_FONOGRAMA,ID_COLETIVO
1,2,72
2,3,106
3,7,279
4,14,331
5,15,357
6,16,429
7,23,567
8,28,580
9,29,486
10,30,636
11,36,872
12,38,986
13,41,1030
14,42,1077
15,42,1076
16,43,1076
17,44,1076
18,45,1076
19,46,1076
20,47,1076
21,48,1076
22,49,1076
23,50,1076
24,51,1076
25,55,1405
26,56,1405
27,57,1412
28,70,1600
29,71,1600
30,73,1652
31,77,1600
32,78,1600
33,79,1600
34,80,1600
35,82,1848
36,83,1919
37,84,1921
38,87,1972
39,88,1972
40,91,2027
41,92,2060
42,94,2094
43,96,2262
44,97,2262
45,98,2262
46,99,2482
47,100,2482
48,101,2484
49,102,2500
50,103,2554
51,104,2582
52,106,2589
53,111,2610
54,113,2610
55,114,2637
56,116,2658
57,118,2696
58,119,2700
59,120,2708
60,121,1418
61,122,2832
62,131,2937
63,132,2941
64,133,2486
65,136,2941
66,137,2949
67,138,567
68,167,2696
69,267,3282
70,268,3282
71,269,3282
72,270,3282
73,271,3282
74,272,3282
75,273,3282
76,274,3282
77,275,3320
78,276,3282
79,277,3282
80,278,3282
81,279,3282
82,280,3282
83,281,3282
84,282,3282
85,283,3282
86,284,3282
87,285,3282
88,286,3282
89,321,3552
90,322,3552
91,323,3552
92,324,3552
93,325,3552
94,326,3552
95,327,3552
96,328,3552
97,329,3552
98,330,3552
99,331,3552
100,332,3552
101,333,3552
102,336,3569
103,337,3569
104,338,3569
105,339,3569
106,340,3569
107,341,3569
108,342,3569
109,343,3569
110,344,3569
111,345,3569
112,346,3569
113,347,3569
114,348,3663
115,349,3663
116,350,3727
117,351,3727
118,352,3727
119,353,3727
120,354,3727
121,355,3727
122,356,3805
123,357,3805
124,358,3805
125,359,3805
126,360,3894
127,361,3894
128,362,3894
129,363,3894
130,364,3894
131,365,3894
132,366,3894
133,367,3894
134,368,3894
135,369,3894
136,370,3894
137,371,3894
138,372,3894
139,373,3894
140,374,3894
141,375,3894
142,376,3894
143,377,3894
144,378,3894
145,379,3894
146,380,3894
147,381,3894
148,382,3894
149,383,3894
150,384,3894
151,385,3894
152,386,3894
153,387,3894
154,388,3894
155,389,3894
156,390,567
157,391,3663
158,393,4031
159,394,4034
160,415,4482
161,416,4482
162,417,4482
163,418,3663
164,419,4482
165,420,4482
166,421,4482
167,422,4482
168,423,4482
169,424,4482
170,425,4482
171,426,4482
172,427,4482
173,428,4482
174,430,4544
175,431,4544
176,432,4544
177,433,4544
178,434,4544
179,435,4544
180,436,4544
181,437,4544
182,438,4544
183,439,4544
184,440,4544
185,441,4544
186,442,4544
187,445,4592
188,446,4592
189,447,4593
190,449,1663
191,455,4601
192,479,4699
193,496,4711
194,497,4712
195,498,4713
196,499,4714
197,500,4715
198,501,4716
199,502,4717
200,503,4716
201,504,4718
202,505,4712
203,506,4719
204,507,4722
205,508,4719
206,509,4712
207,510,4712
208,511,4719
209,512,4719
210,513,4719
211,514,4719
212,515,4719
213,516,4764
214,517,4719
215,518,4770
216,519,4792
217,520,4799
218,521,4814
219,522,4817
220,523,4827
221,524,4837
222,525,4846
223,526,4862
224,527,4874
225,528,4875
226,529,4878
227,530,4879
228,531,4880
229,532,4908
230,533,4910
231,534,4922
232,535,4951
233,536,4827
234,537,4846
235,538,1412
236,539,5075
237,540,1412
238,541,1412
239,542,1412
240,542,4886
241,543,1412
242,544,1412
243,545,1412
244,546,1412
245,547,1412
246,548,1412
247,549,1412
248,550,1417
249,551,1416
250,552,5075
251,553,1412
252,554,5145
253,569,5146
254,570,5146
255,571,5146
256,572,5146
257,573,5146
258,574,5146
259,575,5146
260,576,358
261,577,358
262,578,358
263,579,358
264,580,358
265,581,358
266,582,358
267,583,358
268,584,5146
269,585,5237
270,590,2700
271,591,2700
272,592,5243
273,593,5243
274,594,5243
275,595,5243
276,596,5243
277,597,5243
278,598,5243
279,599,5243
280,600,5243
281,601,5243
282,602,5243
283,603,5243
284,604,5243
285,605,2700
286,606,2700
287,607,1408
288,608,2700
289,609,2700
290,610,2700
291,611,2700
292,612,2700
293,613,2700
294,614,2700
295,615,2700
296,616,2700
297,617,2700
298,618,2700
299,632,5295
300,633,5295
301,634,5295
302,635,5295
303,636,5295
304,637,5295
305,638,5295
306,639,5295
307,640,5295
308,641,5295
309,642,5295
310,643,5295
311,644,5295
312,645,5295
313,646,5295
314,647,5295
315,648,5295
316,658,5477
317,697,5906
318,698,5906
319,699,5906
320,700,5906
321,701,5906
322,702,5906
323,703,5906
324,704,5906
325,705,5906
326,706,5906
327,707,5906
328,755,5997
329,756,5997
330,785,3670
331,787,215
332,788,6124
333,824,6633
334,825,6633
335,826,6633
336,827,6633
337,828,6633
338,829,6633
339,830,6633
340,831,6633
341,832,6633
342,833,6633
343,834,6633
344,835,6633
345,836,6633
346,837,6633
347,900,6739
348,914,6830
349,986,6657
350,987,6657
351,988,6657
352,989,6657
353,990,6657
354,991,6657
355,992,6657
356,1007,7016
357,1015,7048
358,1016,7048
359,1064,7161
360,1078,7232
361,1079,7232
362,1112,1412
363,1113,7425
364,1114,7442
365,1115,7447
366,1116,7448
367,1117,7448
368,1118,7458
369,1119,7448
370,1120,7448
371,1121,7448
372,1122,7448
373,1123,7448
374,1124,7448
375,1125,7448
376,1126,7448
377,1127,7448
378,1128,7448
379,1129,7465
380,1131,7466
381,1132,7477
382,1133,7425
383,1134,7477
384,1135,7465
385,1136,7494
386,1137,7495
387,1138,7442
388,1139,1412
389,1140,7458
390,1141,7495
391,1142,7466
392,1143,7494
393,1144,7496
394,1147,7496
395,1148,7496
396,1149,7496
397,1150,7496
398,1151,7496
399,1152,7496
400,1153,7496
401,1154,7507
402,1155,7507
403,1156,7496
404,1157,7507
405,1158,7507
406,1159,7507
407,1160,7507
408,1161,7507
409,1162,7507
410,1163,7496
411,1164,7507
412,1165,7507
413,1166,7507
414,1167,7507
415,1168,7507
416,1169,7507
417,1170,7496
418,1171,7496
419,1172,7496
420,1217,7531
421,1218,7531
422,1219,7531
423,1220,7531
424,1221,7531
425,1222,7531
426,1223,7531
427,1224,7531
428,1225,7531
429,1226,7531
430,1227,7531
431,1228,7531
432,1229,7448
433,1230,7448
434,1231,7448
435,1232,7448
436,1233,7448
437,1234,7448
438,1235,7448
439,1236,7448
440,1237,7448
441,1238,7448
442,1239,7448
443,1240,7448
444,1241,7448
445,1242,7448
446,1243,7448
447,1244,7448
448,1245,7448
449,1246,7448
450,1247,7448
451,1248,7448
452,1249,7448
453,1250,7448
454,1251,7448
455,1252,7448
456,1253,7448
457,1254,7448
458,1255,7448
459,1256,7448
460,1257,7448
461,1258,7448
462,1259,7448
463,1266,7559
464,1267,7588
465,1269,7592
466,1276,7636
467,1277,7636
468,1278,7636
469,1279,7636
470,1280,7636
471,1281,7636
472,1282,7636
473,1283,7636
474,1284,7636
475,1285,7636
476,1286,7636
477,1287,7636
478,1288,7636
479,1289,7636
480,1318,7693
481,1319,7699
482,1320,7700
483,1321,7720
484,1322,7720
485,1323,2708
486,1324,2708
487,1325,7724
488,1330,7732
489,1331,7732
490,1332,7732
491,1333,7732
492,1334,7732
493,1335,7732
494,1336,7732
495,1337,7732
496,1338,7732
497,1339,7732
498,1340,7732
499,1341,7732
500,1342,7732
501,1343,7732
502,1344,7732
503,1345,7732
504,1346,7732
505,1347,7732
506,1348,7732
507,1349,7732
508,1350,7732
509,1351,7732
510,1354,2708
511,1355,2708
512,1356,667
513,1357,2708
514,1358,667
515,1359,2708
516,1360,667
517,1361,2708
518,1362,667
519,1363,2708
520,1364,2708
521,1365,667
522,1366,667
523,1367,667
524,1368,667
525,1369,667
526,1370,667
527,1371,667
528,1372,667
529,1373,667
530,1374,667
531,1375,667
532,1376,667
533,1377,667
534,1378,667
535,1379,667
536,1380,667
537,1381,2708
538,1382,667
539,1383,667
540,1384,667
541,1389,667
542,1390,1412
543,1391,1412
544,1392,1412
545,1393,1412
546,1394,1412
547,1395,1412
548,1396,1412
549,1397,1412
550,1398,1412
551,1399,1412
552,1400,1412
553,1401,1412
554,1402,1412
555,1403,1412
556,1404,1412
557,1405,1412
558,1406,1412
559,1407,1417
560,1408,1412
561,1409,1412
562,1410,1412
563,1411,1412
564,1412,1412
565,1413,1412
566,1414,7732
567,1415,7732
568,1416,7732
569,1417,7732
570,1418,7732
571,1419,7732
572,1420,7732
573,1421,7732
574,1422,7732
575,1423,7732
576,1457,7863
577,1458,7863
578,1460,7874
579,1461,7874
580,1462,7874
581,1463,7874
582,1464,7874
583,1465,7874
584,1466,7874
585,1467,7874
586,1468,7874
587,1469,7874
588,1470,7874
589,1471,7874
590,1472,7885
591,1478,7889
592,1482,7916
593,1484,7885
594,1488,7889
595,1496,7983
596,1497,7983
597,1501,8010
598,1505,8029
599,1506,8029
600,1507,8038
601,1511,7863
602,1512,7863
603,1513,7863
604,1514,7863
605,1515,7863
606,1516,7863
607,1517,7863
608,1518,7863
609,1519,7863
610,1520,7863
611,1521,7863
612,1522,7863
613,1523,7863
614,1552,8106
615,1553,8107
616,1554,8108
617,1555,8109
618,1556,8110
619,1557,8111
620,1558,8112
621,1559,8113
622,1560,8115
623,1561,8116
624,1562,8117
625,1575,8164
626,1577,8171
627,1578,8172
628,1579,8177
629,1580,8179
630,1581,8182
631,1582,8184
632,1583,8185
633,1584,8191
634,1586,8194
635,1587,8196
636,1589,8198
637,1590,8206
638,1591,8208
639,1592,8215
640,1595,8263
641,1598,8263
642,1599,8263
643,1600,8263
644,1602,8263
645,1603,8263
646,1604,8263
647,1605,8263
648,1607,8263
649,1608,8263
650,1609,8263
651,1610,8263
652,1611,8263
653,1612,8263
654,1613,8263
655,1614,8263
656,1615,8263
657,1616,8263
658,1617,8263
659,1618,8263
660,1619,8263
661,1620,8263
662,1653,8317
663,1654,8317
664,1655,8317
665,1656,8317
666,1657,8317
667,1658,8317
668,1659,8317
669,1660,8317
670,1672,8320
671,1675,8317
672,1676,8317
673,1677,8317
674,1747,8344
675,1748,8344
676,1749,8344
677,1750,8344
678,1751,8344
679,1752,8344
680,1753,8344
681,1754,8344
682,1755,8344
683,1756,8344
684,1757,8344
685,1758,8344
686,1759,8344
687,1760,8344
688,1761,8344
689,1762,8344
690,1763,8344
691,1764,8344
692,1765,8397
693,1766,8398
694,1769,8399
695,1770,8399
696,1775,8399
697,1782,1670
698,1787,7699
699,1789,8305
700,1790,8305
701,1791,8305
702,1792,8305
703,1793,8438
704,1794,8438
705,1795,8438
706,1797,8460
707,1798,8460
708,1800,8498
709,1801,8499
710,1802,8499
711,1803,8487
712,1804,8511
713,1805,8512
714,1807,8537
715,1811,8305
716,1812,6657
717,1813,6657
718,1814,8438
719,1815,8438
720,1816,8460
721,1817,8460
722,1819,8489
723,1820,8489
724,1821,8487
725,1822,8512
726,1823,8537
727,1824,8540
728,1826,8344
729,1832,8565
730,1838,8566
731,1839,8567
732,1840,8568
733,1843,8569
734,1844,8621
735,1845,8630
736,1846,8631
737,1847,8632
738,1848,8636
739,1849,8638
740,1850,8639
741,1851,8640
742,1852,8641
743,1853,8642
744,1854,8643
745,1855,8643
746,1856,8643
747,1857,8651
748,1858,8652
749,1859,8655
750,1860,8659
751,1861,8660
752,1862,5295
753,1863,8664
754,1864,8666
755,1865,8666
756,1866,8666
757,1867,8666
758,1868,8666
759,1869,8666
760,1870,8666
761,1871,8666
762,1872,8666
763,1873,8666
764,1874,8666
765,1875,8666
766,1876,8666
767,1877,8666
768,1878,8666
769,1879,8666
770,1880,8666
771,1881,8666
772,1882,8666
773,1883,8666
774,1884,8670
775,1885,8671
776,1886,8672
777,1887,8673
778,1888,8674
779,1889,8727
780,1890,8728
781,1891,8729
782,1892,8730
783,1893,2484
784,1894,2484
785,1895,2484
786,1896,2484
787,1897,2484
788,1898,2484
789,1899,2484
790,1900,2484
791,1901,2484
792,1902,2484
793,1903,2484
794,1904,2484
795,1905,2484
796,1906,2484
797,1907,8751
798,1908,8751
799,1909,8751
800,1910,8751
801,1911,8751
802,1912,8751
803,1913,8751
804,1914,8751
805,1916,8751
806,1920,8854
807,1922,8751
808,1923,8751
809,1924,8751
810,1927,8751
811,1928,8867
812,1929,8868
813,1930,8874
814,1931,8878
815,1932,8879
816,1933,8891
817,1934,8893
818,1935,8894
819,1936,8895
820,1937,8896
821,1938,8671
822,1939,8901
823,1940,8902
824,1941,8903
825,1943,8904
826,1944,8905
827,1945,8908
828,1946,8909
829,1947,8910
830,1948,8901
831,1950,8911
832,1951,8914
833,1952,8915
834,1953,8916
835,1955,8567
836,1956,8918
837,1957,8910
838,1959,8926
839,1961,8927
840,1962,8928
841,1963,8672
842,1964,8930
843,1967,8931
844,1968,8916
845,1969,8938
846,1970,8939
847,1971,8940
848,1972,8940
849,1973,8672
850,1974,8916
851,1975,8941
852,1976,8672
853,1977,8916
854,1978,8672
855,1979,8942
856,1980,8943
857,2003,8964
858,2004,8965
859,2005,8965
860,2006,8964
861,2007,8964
862,2021,8969
863,2022,8969
864,2023,8969
865,2024,8965
866,2025,8965
867,2026,8965
868,2027,8965
869,2028,8965
870,2029,8965
871,2030,8965
872,2031,8965
873,2032,8965
874,2033,8965
875,2034,8964
876,2035,8964
877,2052,8975
878,2053,8975
879,2054,8975
880,2055,8975
881,2056,8975
882,2057,8975
883,2058,8975
884,2059,8975
885,2060,8975
886,2061,8975
887,2062,8975
888,2063,8975
889,2064,8975
890,2065,8965
891,2066,8965
892,2101,8989
893,2109,8993
894,2110,8993
895,2111,8993
896,2112,8993
897,2113,8993
898,2114,8993
899,2115,8993
900,2116,8993
901,2117,8993
902,2118,8993
903,2119,8993
904,2120,8993
905,2121,8993
906,2122,8993
907,2124,9004
908,2126,9010
909,2136,6657
910,2137,6657
911,2138,6657
912,2139,6657
913,2140,6657
914,2141,6657
915,2142,6657
916,2143,6657
917,2144,6657
918,2145,6657
919,2146,6657
920,2147,6657
921,2148,6657
922,2149,6657
923,2150,6657
924,2151,6657
925,2152,6657
926,2153,6657
927,2154,6657
928,2155,6657
929,2156,9020
930,2157,9020
931,2158,9020
932,2159,9020
933,2160,9020
934,2161,9020
935,2162,9020
936,2164,9020
937,2165,9020
938,2166,9020
939,2167,9020
940,2168,9020
941,2169,9020
942,2170,9020
943,2171,9020
944,2172,9020
945,2173,9020
946,2174,9020
947,2176,9020
948,2177,9020
949,2178,9020
950,2179,9020
951,2180,9020
952,2181,9020
953,2182,9020
954,2183,9020
955,2184,9020
956,2185,9020
957,2186,9020
958,2187,9020
959,2188,9020
960,2189,9020
961,2190,9020
962,2191,9020
963,2250,9027
964,2251,9027
965,2252,9027
966,2253,9027
967,2254,9027
968,2255,9027
969,2256,9027
970,2257,9027
971,2258,9027
972,2259,9027
973,2260,9027
974,2261,9027
975,2262,9027
976,2263,9027
977,2324,9067
978,2352,9101
979,2353,9101
980,2354,9101
981,2355,9101
982,2356,9101
983,2357,9101
984,2358,9101
985,2359,9101
986,2360,9101
987,2361,9101
988,2362,9101
989,2363,9101
990,2364,9101
991,2365,9101
992,2414,9301
993,2415,9301
994,2416,9301
995,2417,9301
996,2437,9327
997,2438,9301
998,2439,9301
999,2440,9327
1000,2441,9327
1001,2442,9327
1002,2443,9327
1003,2444,9301
1004,2445,9327
1005,2446,9301
1006,2447,9301
1007,2448,9301
1008,2449,9327
1009,2450,9327
1010,2451,9337
1011,2452,9327
1012,2453,9327
1013,2454,9327
1014,2455,9327
1015,2456,9327
1016,2457,9327
1017,2495,331
1018,2496,331
1019,2497,331
1020,2498,331
1021,2499,331
1022,2500,331
1023,2501,331
1024,2502,331
1025,2532,9411
1026,2543,9411
1027,2544,9411
1028,2545,9411
1029,2546,9411
1030,2547,9411
1031,2548,9411
1032,2549,9411
1033,2550,9411
1034,2551,9411
1035,2552,9411
1036,2553,9411
1037,2602,9508
1038,2661,9708
1039,2685,9747
1040,2687,9750
1041,2688,9750
1042,2689,9750
1043,2690,9750
1044,2691,9750
1045,2692,9750
1046,2693,9750
1047,2694,9750
1048,2695,9750
1049,2696,9750
1050,2697,9750
1051,2698,5146
1052,2699,4807
1053,2700,4807
1054,2701,4807
1055,2702,4807
1056,2703,4807
1057,2704,4807
1058,2705,4807
1059,2706,4807
1060,2707,4807
1061,2708,4807
1062,2709,4807
1063,2710,4807
1064,2711,4807
1065,2712,4807
1066,2713,4807
1067,2714,4807
1068,2725,9766
1069,2746,9772
1070,2791,9780
1071,2792,9780
1072,2793,9780
1073,2794,9780
1074,2795,9780
1075,2796,9780
1076,2797,9780
1077,2798,9780
1078,2799,9780
1079,2800,9780
1080,2801,9780
1081,2802,9780
1082,2803,9780
1083,2804,9780
1084,2805,9780
1085,2806,9780
1086,2807,9780
1087,2808,9780
1088,2809,9780
1089,2810,9780
1090,2811,9780
1091,2880,9814
1092,2897,9815
1093,2898,9815
1094,2899,9815
1095,2900,9815
1096,2901,9815
1097,2902,9815
1098,2903,9815
1099,2904,9815
1100,2905,9815
1101,2906,9815
1102,2907,9815
1103,2908,9815
1104,2909,9815
1105,2910,9815
1106,2911,9815
1107,2912,9815
1108,2922,9816
1109,2923,9816
1110,2925,9816
1111,2927,9816
1112,2929,9816
1113,2930,9816
1114,2932,9816
1115,2934,9816
1116,2937,9816
1117,2938,9816
1118,2939,2658
1119,2940,2658
1120,2941,2658
1121,2942,2658
1122,2943,2658
1123,2944,2658
1124,2946,2658
1125,2947,2658
1126,2948,2658
1127,2949,2658
1128,2950,2658
1129,2951,2658
1130,2952,2658
1131,2953,9818
1132,2954,9818
1133,2955,9818
1134,2956,9818
1135,2957,9818
1136,2958,9818
1137,2959,9818
1138,2960,9818
1139,2961,9818
1140,2962,9818
1141,2963,9818
1142,2964,9818
1143,2965,9818
1144,2966,9818
1145,2967,9818
1146,2968,9818
1147,2980,9820
1148,2981,9820
1149,2982,9820
1150,2983,9820
1151,2984,9820
1152,2986,9820
1153,2988,9820
1154,2990,9820
1155,2992,9820
1156,2995,9820
1157,2999,9820
1158,3002,9820
1159,3004,9820
1160,3005,9820
1161,3006,9820
1162,3007,9820
1163,3008,9820
1164,3009,9820
1165,3010,9820
1166,3011,9820
1167,3012,9820
1168,3013,9820
1169,3048,9814
1170,3049,9814
1171,3050,9814
1172,3051,9814
1173,3052,9814
1174,3053,9814
1175,3054,9814
1176,3055,9814
1177,3056,9814
1178,3057,9814
1179,3058,9814
1180,3059,9814
1181,3060,9814
1182,3068,9838
1183,3069,9838
1184,3070,9838
1185,3071,9838
1186,3072,9838
1187,3073,9838
1188,3074,9838
1189,3075,9838
1190,3076,9838
1191,3077,9838
1192,3078,9838
1193,3079,9838
1194,3113,9840
1195,3114,9841
1196,3115,9840
1197,3116,9841
1198,3117,9840
1199,3118,9841
1200,3119,9840
1201,3120,9840
1202,3121,9841
1203,3122,9841
1204,3123,9840
1205,3124,9841
1206,3125,9840
1207,3126,9841
1208,3127,9841
1209,3128,9841
1210,3129,9841
1211,3130,9841
1212,3218,9864
1213,3219,2889
1214,3223,9864
1215,3225,9864
1216,3227,9864
1217,3228,9864
1218,3229,9864
1219,3230,9864
1220,3231,2889
1221,3233,9864
1222,3236,9864
1223,3239,9864
1224,3241,9864
1225,3242,9864
1226,3258,1657
1227,3330,9938
1228,3331,9938
1229,3332,9938
1230,3333,9938
1231,3334,9938
1232,3335,9938
1233,3336,9938
1234,3337,9938
1235,3338,9938
1236,3339,9938
1237,3340,9938
1238,3341,9938
1239,3342,9939
1240,3343,9939
1241,3344,9939
1242,3345,9939
1243,3346,9939
1244,3347,9939
1245,3348,9939
1246,3349,9939
1247,3352,9970
1248,3354,9942
1249,3355,9970
1250,3423,10015
1251,3424,10015
1252,3425,10015
1253,3426,10015
1254,3427,10015
1255,3428,10015
1256,3429,10015
1257,3430,10015
1258,3431,10015
1259,3432,10015
1260,3433,10015
1261,3434,10015
1262,3435,10015
1263,3436,10015
1264,3437,10015
1265,3438,10015
1266,3439,10015
1267,3440,10015
1268,3441,10015
1269,3442,10015
1270,3445,10105
1271,3446,10105
1272,3447,10105
1273,3448,10105
1274,3455,10105
1275,3456,10105
1276,3457,10105
1277,3458,10105
1278,3459,10105
1279,3460,10105
1280,3461,10105
1281,3462,10105
1282,3463,10105
1283,3620,8964
1284,3621,8964
1285,3622,8964
1286,3623,8964
1287,3624,8964
1288,3625,8964
1289,3626,8964
1290,3627,8964
1291,3628,8964
1292,3629,8964
1293,3630,8964
1294,3631,8964
1295,3632,8964
1296,3649,10402
1297,3657,10441
1298,3661,10443
1299,3662,10443
1300,3663,10443
1301,3664,10443
1302,3665,10443
1303,3666,10443
1304,3667,10443
1305,3668,10443
1306,3669,10443
1307,3670,10443
1308,3671,10443
1309,3672,10443
1310,3673,10443
1311,3674,10105
1312,3675,10105
1313,3676,10105
1314,3677,10105
1315,3678,10105
1316,3679,10105
1317,3680,10105
1318,3681,10105
1319,3682,10105
1320,3683,10105
1321,3684,10105
1322,3685,10105
1323,3686,10105
1324,3687,10105
1325,3688,10105
1326,3691,9815
1327,3748,9780
1328,3749,8964
1329,3763,10471
1330,3764,10471
1331,3765,10471
1332,3766,10471
1333,3767,10471
1334,3768,10471
1335,3769,10471
1336,3770,10471
1337,3771,10471
1338,3777,10546
1339,3778,10547
1340,3779,10547
1341,3780,10550
1342,3781,2708
1343,3782,2708
1344,3783,2708
1345,3784,2708
1346,3785,2708
1347,3786,2708
1348,3787,2708
1349,3788,2708
1350,3789,2708
1351,3790,2708
1352,3791,2708
1353,3792,2708
1354,3793,2708
1355,3794,2708
1356,3795,2708
1357,3812,10562
1358,3813,10562
1359,3814,10562
1360,3815,10562
1361,3816,10562
1362,3817,10562
1363,3818,10562
1364,3819,10562
1365,3820,10562
1366,3821,10562
1367,3822,10562
1368,3823,10562
1369,3824,10562
1370,3825,10562
1371,3826,10562
1372,3827,10562
1373,3828,10562
1374,3829,10562
1375,3832,10601
1376,3833,10601
1377,3856,10620
1378,3859,10635
1379,3860,10643
1380,3861,10644
1381,3863,10645
1382,3865,10647
1383,3866,10649
1384,3868,10650
1385,3870,10652
1386,3872,10620
1387,3874,10655
1388,3876,10656
1389,3878,10620
1390,3882,10662
1391,3883,10663
1392,3884,10663
1393,3885,10663
1394,3886,10663
1395,3887,10663
1396,3888,10663
1397,3889,10663
1398,3890,10663
1399,3891,10663
1400,3892,10663
1401,3893,10663
1402,3894,10663
1403,3895,10663
1404,3896,10663
1405,3898,10694
1406,3902,10695
1407,3906,10703
1408,3910,10713
1409,3912,10715
1410,3914,8164
1411,3915,10716
1412,3916,8171
1413,3917,8655
1414,3920,10718
1415,3926,4592
1416,3938,10694
1417,3942,10695
1418,3948,10703
1419,3954,10713
1420,3970,4807
1421,3971,10762
1422,4030,10825
1423,4031,10825
1424,4032,10831
1425,4033,10825
1426,4034,10825
1427,4035,10825
1428,4036,10825
1429,4037,10825
1430,4038,10858
1431,4039,10825
1432,4040,10825
1433,4041,10869
1434,4042,10897
1435,4043,10825
1436,4044,10898
1437,4045,10825
1438,4061,10987
1439,4062,10999
1440,4063,10999
1441,4064,10999
1442,4065,10999
1443,4066,10999
1444,4067,10999
1445,4068,10999
1446,4069,10999
1447,4070,10999
1448,4071,10999
1449,4072,10999
1450,4073,10999
1451,4074,10999
1452,4075,10999
1453,4076,11005
1454,4077,11005
1455,4078,11005
1456,4079,11042
1457,4080,11043
1458,4081,11005
1459,4082,11005
1460,4083,11044
1461,4084,11005
1462,4085,11005
1463,4087,11068
1464,4089,11005
1465,4090,11043
1466,4091,11043
1467,4099,5146
1468,4100,5146
1469,4102,5146
1470,4103,5146
1471,4104,5146
1472,4105,5146
1473,4106,5146
1474,4107,5146
1475,4108,5146
1476,4109,5146
1477,4110,5146
1478,4111,10987
1479,4112,10987
1480,4113,5146
1481,4114,5146
1482,4115,5146
1483,4116,5146
1484,4117,5146
1485,4118,5146
1486,4119,5146
1487,4120,5146
1488,4121,5146
1489,4122,5146
1490,4123,5146
1491,4124,5146
1492,4125,5146
1493,4126,5146
1494,4127,5146
1495,4128,5146
1496,4129,5146
1497,4130,5146
1498,4131,5146
1499,4132,5146
1500,4133,1707
1501,4134,1707
1502,4135,1707
1503,4136,11092
1504,4137,1707
1505,4138,1707
1506,4139,11093
1507,4140,1707
1508,4141,1707
1509,4142,1707
1510,4143,1707
1511,4144,1707
1512,4145,11094
1513,4146,1707
1514,4147,1707
1515,4148,11098
1516,4166,11109
1517,4167,11109
1518,4198,5295
1519,4199,5295
1520,4200,5295
1521,4201,5295
1522,4202,5295
1523,4203,5295
1524,4204,5295
1525,4205,5295
1526,4206,5295
1527,4207,5295
1528,4208,5295
1529,4209,5295
1530,4210,5295
1531,4211,5295
1532,4212,5295
1533,4213,5295
1534,4214,5295
1535,4215,5295
1536,4216,5295
1537,4217,5295
1538,4218,5295
1539,4219,5295
1540,4220,5295
1541,4221,5295
1542,4222,5295
1543,4223,11133
1544,4224,11133
1545,4225,11133
1546,4226,11133
1547,4227,11133
1548,4228,11133
1549,4229,11133
1550,4230,11133
1551,4231,11133
1552,4232,11133
1553,4233,11133
1554,4234,11133
1555,4235,11133
1556,4236,11133
1557,4250,4003
1558,4258,11165
1559,4259,11165
1560,4289,11220
1561,4290,11220
1562,4291,11220
1563,4292,11220
1564,4293,11225
1565,4294,11220
1566,4295,11220
1567,4296,11220
1568,4297,11220
1569,4298,11220
1570,4299,11220
1571,4300,11220
1572,4301,11220
1573,4302,11220
1574,4303,11220
1575,4304,11220
1576,4305,11220
1577,4306,11263
1578,4307,11263
1579,4308,11263
1580,4309,11263
1581,4310,11263
1582,4311,11263
1583,4312,11263
1584,4313,11263
1585,4314,11263
1586,4327,11305
1587,4328,11308
1588,4329,11308
1589,4330,11308
1590,4331,11308
1591,4332,11308
1592,4333,11308
1593,4334,11308
1594,4335,11308
1595,4336,11308
1596,4337,11308
1597,4338,11308
1598,4339,11308
1599,4340,11314
1600,4341,11316
1601,4342,8315
1602,4343,8315
1603,4345,7732
1604,4346,11327
1605,4347,1317
1606,4348,1317
1607,4349,7442
1608,4350,7442
1609,4351,11354
1610,4352,5051
1611,4353,5051
1612,4354,2937
1613,4355,2937
1614,4359,7732
1615,4360,7732
1616,4361,1707
1617,4362,1707
1618,4363,10663
1619,4364,2515
1620,4365,7863
1621,4366,4886
1622,4367,4886
1623,4368,4886
1624,4369,4886
1625,4370,4886
1626,4371,4886
1627,4372,4886
1628,4373,4886
1629,4374,4886
1630,4375,4886
1631,4376,4886
1632,4377,11384
1633,4378,4886
1634,4402,11405
1635,4403,11368
1636,4404,11408
1637,4406,4807
1638,4407,11426
1639,4408,11427
1640,4410,11434
1641,4411,3786
1642,4412,11443
1643,4413,11445
1644,4414,11446
1645,4415,11447
1646,4416,4838
1647,4417,11435
1648,4418,11461
1649,4419,11462
1650,4420,9763
1651,4421,1412
1652,4422,3786
1653,4423,11463
1654,4424,11474
1655,4425,11474
1656,4426,11474
1657,4427,11474
1658,4428,11474
1659,4429,11474
1660,4430,11474
1661,4431,11474
1662,4432,11474
1663,4433,11474
1664,4434,11474
1665,4435,11474
1666,4436,11474
1667,4438,11488
1668,4442,11489
1669,4443,11490
1670,4445,11491
1671,4447,11488
1672,4449,11509
1673,4450,11509
1674,4451,11509
1675,4452,11509
1676,4453,11509
1677,4454,11509
1678,4455,11509
1679,4456,11509
1680,4457,11509
1681,4458,11509
1682,4459,11509
1683,4460,11509
1684,4461,11509
1685,4462,11509
1686,4463,11509
1687,4464,11509
1688,4481,11005
1689,4482,11005
1690,4483,11005
1691,4484,11005
1692,4485,11005
1693,4486,11044
1694,4487,11044
1695,4488,11044
1696,4489,11005
1697,4490,11005
1698,4491,11044
1699,4492,11044
1700,4493,11005
1701,4494,11005
1702,4495,11005
1703,4496,11009
1704,4497,11005
1705,4498,11005
1706,4499,11005
1707,4500,11005
1708,4501,11650
1709,4502,11650
1710,4503,11650
1711,4504,11650
1712,4505,11650
1713,4506,11650
1714,4507,11650
1715,4508,11650
1716,4509,11650
1717,4510,11650
1718,4511,11650
1719,4512,11650
1720,4513,11650
1721,4514,11650
1722,4549,11853
1723,4550,11871
1724,4552,11905
1725,4554,11916
1726,4556,11926
1727,4558,11939
1728,4560,11970
1729,4561,11970
1730,4566,11853
1731,4567,11976
1732,4569,11905
1733,4571,11916
1734,4574,11926
1735,4577,11939
1736,4580,11970
1737,4581,11970
1738,4584,11314
1739,4585,2937
1740,4586,2937
1741,4587,5051
1742,4588,5051
1743,4589,11316
1744,4590,11316
1745,4591,8315
1746,4592,8315
1747,4598,11327
1748,4599,11327
1749,4600,7732
1750,4601,7732
1751,4602,7732
1752,4603,1317
1753,4604,1317
1754,4605,1707
1755,4606,1707
1756,4607,11980
1757,4608,11980
1758,4609,10663
1759,4610,2515
1760,4611,7863
1761,4612,11354
1762,4650,12000
1763,4651,12000
1764,4652,12000
1765,4653,12000
1766,4654,12000
1767,4655,12000
1768,4656,12000
1769,4657,12000
1770,4658,12000
1771,4659,12000
1772,4660,12000
1773,4661,12000
1774,4662,12000
1775,4663,12000
1776,4664,12000
1777,4689,12028
1778,4690,12028
1779,4691,12028
1780,4692,12028
1781,4693,12028
1782,4694,12028
1783,4695,12028
1784,4696,11509
1785,4697,12028
1786,4698,11509
1787,4699,12028
1788,4700,11509
1789,4701,12028
1790,4702,12028
1791,4703,11509
1792,4704,12028
1793,4705,11509
1794,4706,11509
1795,4707,11509
1796,4708,11509
1797,4709,11509
1798,4710,11509
1799,4711,11509
1800,4712,11509
1801,4713,11509
1802,4714,11509
1803,4715,11509
1804,4716,11509
1805,4728,6657
1806,4729,6657
1807,4730,6657
1808,4731,6657
1809,4732,6657
1810,4733,6657
1811,4734,6657
1812,4735,6657
1813,4736,6657
1814,4737,6657
1815,4738,6657
1816,4739,6657
1817,4740,6657
1818,4741,6657
1819,4742,6657
1820,4743,6657
1821,4744,12053
1822,4746,12078
1823,4747,12079
1824,4748,12100
1825,4752,10793
1826,4755,12230
1827,4760,12251
1828,4761,11509
1829,4762,12271
1830,4765,12078
1831,4767,12272
1832,4771,10793
1833,4774,12273
1834,4779,12251
1835,4780,11509
1836,4781,12271
1837,4810,12282
1838,4827,12288
1839,4828,12288
1840,5014,12308
1841,5017,12308
1842,5078,12454
1843,5080,12454
1844,5081,12454
1845,5083,12454
1846,5084,12454
1847,5086,12454
1848,5087,12454
1849,5088,12454
1850,5090,12454
1851,5091,12454
1852,5092,12454
1853,5093,12454
1854,5095,12454
1855,5116,12491
1856,5117,12491
1857,5118,12491
1858,5119,12491
1859,5120,12491
1860,5121,12491
1861,5122,12491
1862,5123,12491
1863,5124,12491
1864,5125,12491
1865,5126,12491
1866,5127,12491
1867,5128,12491
1868,5129,12491
1869,5130,12491
1870,5131,12491
1871,5132,12491
1872,5133,12491
1873,5134,12491
1874,5135,12491
1875,5136,12491
1876,5137,12491
1877,5138,12491
1878,5139,12491
1879,5194,12523
1880,5195,12523
1881,5196,12523
1882,5197,12523
1883,5198,12523
1884,5199,12540
1885,5200,12523
1886,5201,12540
1887,5202,12540
1888,5203,12523
1889,5204,12523
1890,5205,12523
1891,5206,12523
1892,5207,12523
1893,5208,12540
1894,5209,12523
1895,5210,12523
1896,5211,12523
1897,5212,12540
1898,5213,12523
1899,5214,12540
1900,5215,12540
1901,5216,12540
1902,5217,12540
1903,5218,12540
1904,5219,12540
1905,5220,12540
1906,5268,7699
1907,5269,12615
1908,5270,12616
1909,5271,12616
1910,5272,12616
1911,5273,12616
1912,5274,12616
1913,5275,12616
1914,5276,1602
1915,5277,12616
1916,5278,12616
1917,5279,12616
1918,5280,12616
1919,5281,12616
1920,5294,12656
1921,5295,8906
1922,5296,8906
1923,5297,8906
1924,5298,8906
1925,5299,8906
1926,5300,8906
1927,5301,8906
1928,5302,8906
1929,5303,8906
1930,5304,8906
1931,5305,8906
1932,5306,8906
1933,5307,8906
1934,5308,8906
1935,5309,8906
1936,5310,12677
1937,5311,12677
1938,5312,12677
1939,5313,12677
1940,5314,4914
1941,5315,4914
1942,5316,4914
1943,5317,4914
1944,5318,4914
1945,5319,4914
1946,5320,4914
1947,5321,4914
1948,5322,4914
1949,5323,4914
1950,5324,4914
1951,5325,4914
1952,5326,4914
1953,5327,4914
1954,5328,4914
1955,5329,4914
1956,5330,4914
1957,5331,4914
1958,5345,2708
1959,5346,2708
1960,5347,2708
1961,5348,2708
1962,5349,2708
1963,5350,2708
1964,5351,2708
1965,5352,2708
1966,5353,2708
1967,5354,2708
1968,5355,2708
1969,5356,2708
1970,5357,2708
1971,5358,2708
1972,5367,12308
1973,5370,11374
1974,5371,11374
1975,5372,11374
1976,5373,11374
1977,5374,11374
1978,5375,11374
1979,5376,11374
1980,5377,11374
1981,5378,11374
1982,5380,11374
1983,5381,11374
1984,5382,11374
1985,5383,11374
1986,5384,11374
1987,5385,11374
1988,5408,12786
1989,5409,12786
1990,5410,12786
1991,5411,12786
1992,5412,12786
1993,5413,12786
1994,5414,12786
1995,5415,12786
1996,5416,12786
1997,5417,12786
1998,5418,12786
1999,5419,12786
2000,5420,12847
2001,5421,12881
2002,5422,12847
2003,5423,12847
2004,5424,12847
2005,5425,12890
2006,5426,12847
2007,5427,12891
2008,5428,12881
2009,5429,12847
2010,5430,12847
2011,5431,12892
2012,5432,12847
2013,5433,12893
2014,5434,12847
2015,5435,12896
2016,5436,12897
2017,5437,12897
2018,5438,12897
2019,5439,12896
2020,5440,12997
2021,5441,12997
2022,5442,12997
2023,5443,12998
2024,5444,12998
2025,5445,12997
2026,5446,12997
2027,5447,12997
2028,5448,12997
2029,5449,12997
2030,5450,13014
2031,5451,12997
2032,5452,12997
2033,5453,12997
2034,5454,12997
2035,5455,12997
2036,5457,12997
2037,5458,12997
2038,5459,12997
2039,5460,13018
2040,5461,13018
2041,5462,13018
2042,5463,13018
2043,5464,13018
2044,5465,13022
2045,5466,13018
2046,5467,13018
2047,5468,13023
2048,5469,13018
2049,5470,13018
2050,5471,13018
2051,5472,13018
2052,5473,13024
2053,5474,13027
2054,5475,13028
2055,5476,13029
2056,5477,13028
2057,5478,13031
2058,5479,13028
2059,5480,13028
2060,5481,13028
2061,5482,13032
2062,5483,13028
2063,5484,13028
2064,5485,13028
2065,5486,13028
2066,5487,12997
2067,5488,12997
2068,5489,12997
2069,5490,12998
2070,5491,12998
2071,5492,12997
2072,5493,12997
2073,5494,12997
2074,5495,12997
2075,5496,12997
2076,5497,13014
2077,5498,12997
2078,5499,12997
2079,5500,12997
2080,5501,12997
2081,5502,12997
2082,5504,12997
2083,5505,12997
2084,5506,12997
2085,5507,2519
2086,5508,2519
2087,5509,2519
2088,5510,2519
2089,5511,13048
2090,5512,13048
2091,5513,13048
2092,5514,13048
2093,5515,13048
2094,5516,13048
2095,5517,13048
2096,5518,13048
2097,5519,13048
2098,5520,13048
2099,5521,13048
2100,5522,13048
2101,5523,13048
2102,5524,13048
2103,5525,2519
2104,5526,2519
2105,5527,13049
2106,5528,13049
2107,5529,2519
2108,5530,2519
2109,5531,2519
2110,5532,2519
2111,5533,13052
2112,5534,13052
2113,5535,2519
2114,5536,2519
2115,5537,13054
2116,5538,2519
2117,5539,13055
2118,5540,13055
2119,5541,2519
2120,5542,2519
2121,5543,13049
2122,5544,13049
2123,5545,2519
2124,5546,2519
2125,5547,2519
2126,5548,2519
2127,5549,13052
2128,5550,13052
2129,5551,2519
2130,5552,2519
2131,5553,2519
2132,5554,13055
2133,5555,13055
2134,5556,2519
2135,5567,13074
2136,5568,13074
2137,5570,13114
2138,5584,13074
2139,5585,13074
2140,5590,13114
2141,5594,12897
2142,5595,12897
2143,5596,12897
2144,5597,12897
2145,5598,12840
2146,5599,12840
2147,5600,12840
2148,5601,12840
2149,5602,11930
2150,5607,10562
2151,5608,10562
2152,5609,10562
2153,5610,10562
2154,5611,10562
2155,5612,10562
2156,5613,10562
2157,5614,10562
2158,5615,10562
2159,5616,10562
2160,5617,10562
2161,5618,10562
2162,5619,10562
2163,5620,10562
2164,5621,10562
2165,5622,10562
2166,5623,10562
2167,5624,10562
2168,5625,10562
2169,5626,13018
2170,5627,13018
2171,5628,13018
2172,5629,13018
2173,5630,13018
2174,5631,13018
2175,5632,13022
2176,5633,13018
2177,5634,13018
2178,5635,13018
2179,5636,13018
2180,5637,13018
2181,5638,12840
2182,5639,13138
2183,5640,13138
2184,5641,12840
2185,5642,13139
2186,5643,13139
2187,5644,12840
2188,5645,12840
2189,5646,13140
2190,5647,13140
2191,5648,12840
2192,5649,13143
2193,5649,1877
2194,5649,12842
2195,5650,13143
2196,5650,12842
2197,5650,1877
2198,5651,12840
2199,5652,12840
2200,5653,12840
2201,5654,12840
2202,5655,13151
2203,5656,11930
2204,5657,11930
2205,5658,11930
2206,5659,11930
2207,5660,11930
2208,5661,11930
2209,5662,11930
2210,5663,11930
2211,5664,11930
2212,5665,11930
2213,5666,11930
2214,5667,11930
2215,5668,11930
2216,5683,8469
2217,5699,5118
2218,5700,5118
2219,5701,5118
2220,5702,5118
2221,5703,5118
2222,5704,5118
2223,5705,13209
2224,5706,5118
2225,5707,13210
2226,5708,5122
2227,5709,13211
2228,5710,13211
2229,5711,5118
2230,5712,5118
2231,5713,13213
2232,5714,5118
2233,5715,5118
2234,5716,5118
2235,5717,5118
2236,5718,5118
2237,5719,5118
2238,5720,13209
2239,5721,5118
2240,5722,13210
2241,5723,5118
2242,5724,13211
2243,5725,5118
2244,5726,5118
2245,5727,5118
2246,5728,5118
2247,5729,5118
2248,5748,13239
2249,5749,13240
2250,5756,11093
2251,5806,534
2252,5807,534
2253,5808,534
2254,5809,534
2255,5810,534
2256,5811,534
2257,5812,534
2258,5813,534
2259,5814,534
2260,5815,534
2261,5816,534
2262,5817,534
2263,5818,534
2264,5831,13325
2265,5840,13326
2266,5855,13028
2267,5868,13028
2268,5869,13028
2269,5870,13029
2270,5871,13028
2271,5872,13027
2272,5873,13028
2273,5874,13028
2274,5875,13028
2275,5876,13031
2276,5877,13028
2277,5878,13028
2278,5879,13032
2279,5880,13028
2280,5881,13028
2281,5882,13028
2282,5883,13028
2283,5884,13028
2284,5885,13029
2285,5886,13028
2286,5887,13028
2287,5888,13028
2288,5915,4807
2289,5916,4807
2290,5917,4807
2291,5918,4807
2292,5919,4807
2293,5920,13379
2294,5921,4807
2295,5922,4807
2296,5923,4807
2297,5924,4807
2298,5925,4807
2299,5926,4807
2300,5927,4807
2301,5928,4807
2302,5929,13385
2303,5930,13385
2304,5931,13386
2305,5932,13387
2306,5933,13387
2307,5934,13391
2308,5935,13394
2309,5936,13387
2310,5937,13385
2311,5938,13386
2312,5939,13386
2313,5940,13387
2314,5941,13395
2315,5942,13396
2316,5943,13386
2317,5944,13385
2318,5945,13385
2319,5946,13385
2320,5947,13398
2321,5948,13385
2322,5949,13385
2323,5950,13398
2324,5951,13385
2325,5952,13385
2326,5953,13398
2327,5954,13398
2328,5955,13398
2329,5956,13396
2330,5957,13412
2331,5958,13385
2332,5959,13387
2333,5960,13385
2334,5961,13396
2335,5962,13385
2336,5963,13385
2337,5964,13385
2338,5965,13387
2339,5966,13387
2340,5967,13395
2341,5968,13395
2342,5969,13385
2343,5970,13387
2344,5971,13385
2345,5972,13386
2346,5973,13386
2347,5974,13387
2348,5975,13395
2349,5976,13394
2350,5977,13396
2351,5978,13386
2352,5979,13385
2353,5980,13385
2354,5981,13385
2355,5984,13419
2356,5987,13421
2357,5995,13422
2358,5998,13434
2359,5999,13434
2360,6000,13434
2361,6001,13434
2362,6002,13434
2363,6003,13434
2364,6004,13437
2365,6008,13493
2366,6010,13495
2367,6011,13509
2368,6012,13535
2369,6014,13538
2370,6016,13568
2371,6020,13495
2372,6024,13509
2373,6027,13535
2374,6028,13437
2375,6031,13568
2376,6032,13538
2377,6036,13493
2378,6041,13595
2379,6042,13595
2380,6043,13595
2381,6044,13595
2382,6045,13595
2383,6046,13595
2384,6047,13595
2385,6048,13595
2386,6049,13595
2387,6050,13595
2388,6051,13595
2389,6052,13595
2390,6053,13595
2391,6054,13609
2392,6055,13609
2393,6056,13609
2394,6057,13609
2395,6058,13609
2396,6059,13609
2397,6060,13609
2398,6061,13609
2399,6062,13609
2400,6063,13609
2401,6064,13609
2402,6065,13609
2403,6066,13609
2404,6067,13609
2405,6068,13609
2406,6069,13611
2407,6070,13611
2408,6071,13611
2409,6072,13611
2410,6073,13611
2411,6074,13611
2412,6075,13611
2413,6076,13611
2414,6077,13611
2415,6078,13611
2416,6079,13611
2417,6080,13611
2418,6081,13611
2419,6082,13611
2420,6083,13611
2421,6084,13611
2422,6085,13611
2423,6086,13611
2424,6087,13613
2425,6088,13611
2426,6089,13611
2427,6090,13611
2428,6091,13611
2429,6092,13611
2430,6093,13611
2431,6094,13611
2432,6095,13611
2433,6095,11980
2434,6096,13611
2435,6097,13611
2436,6098,13611
2437,6099,13611
2438,6100,13611
2439,6101,13613
2440,6102,13611
2441,6103,13611
2442,6104,10793
2443,6106,6657
2444,6107,13648
2445,6108,13652
2446,6109,13653
2447,6121,5295
2448,6122,5295
2449,6123,5295
2450,6124,5295
2451,6125,5295
2452,6126,5295
2453,6127,5295
2454,6128,5295
2455,6129,5295
2456,6130,5295
2457,6131,5295
2458,6132,11093
2459,6133,11093
2460,6136,11093
2461,6137,11093
2462,6138,11093
2463,6139,11093
2464,6140,11093
2465,6141,11093
2466,6142,11093
2467,6143,11093
2468,6144,11093
2469,6145,13695
2470,6146,13695
2471,6147,13701
2472,6148,13701
2473,6149,13701
2474,6150,13701
2475,6151,13701
2476,6152,13701
2477,6153,13701
2478,6154,13701
2479,6155,13701
2480,6156,13701
2481,6157,13701
2482,6158,13701
2483,6159,13701
2484,6160,13701
2485,6161,13701
2486,6162,13722
2487,6163,13722
2488,6164,13722
2489,6165,13722
2490,6166,13722
2491,6167,13722
2492,6168,13722
2493,6169,13722
2494,6170,13722
2495,6171,13722
2496,6172,13722
2497,6173,13722
2498,6174,13722
2499,6175,13722
2500,6176,13735
2501,6177,13735
2502,6178,13735
2503,6179,13735
2504,6180,13735
2505,6181,13735
2506,6182,13735
2507,6183,13735
2508,6184,13735
2509,6185,13735
2510,6186,13735
2511,6187,13735
2512,6188,13735
2513,6189,8265
2514,6190,13735
2515,6191,8265
2516,6192,8265
2517,6193,8265
2518,6194,8265
2519,6195,8265
2520,6196,8265
2521,6197,8265
2522,6198,8265
2523,6199,8265
2524,6200,8265
2525,6201,8265
2526,6202,8265
2527,6203,8265
2528,6204,8265
2529,6205,8265
2530,6206,8265
2531,6207,8265
2532,6208,8265
2533,6209,8265
2534,6210,8265
2535,6211,8265
2536,6212,8265
2537,6213,8265
2538,6214,8265
2539,6215,8265
2540,6216,8265
2541,6217,8265
2542,6218,8265
2543,6219,8265
2544,6220,8265
2545,6221,8265
2546,6222,8265
2547,6223,8265
2548,6224,8265
2549,6225,8265
2550,6226,8265
2551,6227,8265
2552,6228,8265
2553,6229,8265
2554,6230,8265
2555,6231,8265
2556,6232,8265
2557,6233,8265
2558,6234,13758
2559,6235,13763
2560,6246,13777
2561,6247,13778
2562,6248,11093
2563,6249,11093
2564,6250,11093
2565,6251,11093
2566,6252,6658
2567,6253,6657
2568,6254,13781
2569,6255,13781
2570,6256,13781
2571,6257,13781
2572,6258,13781
2573,6259,13781
2574,6260,13781
2575,6261,13781
2576,6262,13781
2577,6263,13781
2578,6264,13781
2579,6265,13781
2580,6266,13786
2581,6267,13790
2582,6268,13791
2583,6270,13790
2584,6271,11042
2585,6273,13795
2586,6275,13796
2587,6276,13797
2588,6277,13798
2589,6278,13653
2590,6279,2937
2591,6289,1710
2592,6290,13800
2593,6293,13701
2594,6294,13701
2595,6295,13701
2596,6296,13701
2597,6297,13701
2598,6298,13701
2599,6299,13701
2600,6300,13701
2601,6301,13701
2602,6302,13701
2603,6303,13701
2604,6304,13701
2605,6305,13701
2606,6306,13701
2607,6307,13848
2608,6308,13854
2609,6309,13854
2610,6310,13855
2611,6311,13867
2612,6312,13854
2613,6313,13854
2614,6314,13854
2615,6315,13854
2616,6316,13907
2617,6317,13911
2618,6318,13854
2619,6319,13854
2620,6320,13854
2621,6321,13867
2622,6322,13854
2623,6323,13848
2624,6324,13854
2625,6325,13907
2626,6326,13854
2627,6327,13855
2628,6328,13911
2629,6329,13854
2630,6330,13942
2631,6331,13854
2632,6332,13942
2633,6333,13701
2634,6334,10773
2635,6337,14021
2636,6339,14028
2637,6346,14034
2638,6348,14035
2639,6349,14021
2640,6351,14028
2641,6352,14036
2642,6354,14036
2643,6356,14037
2644,6362,14040
2645,6363,14035
2646,6366,14040
2647,6367,14034
2648,6370,13701
2649,6371,14053
2650,6372,13701
2651,6373,13701
2652,6374,14054
2653,6375,13701
2654,6376,14055
2655,6377,14056
2656,6378,13701
2657,6379,13701
2658,6380,13701
2659,6381,13701
2660,6382,14058
2661,6383,14059
2662,6384,13701
2663,6385,13701
2664,6386,13701
2665,6387,11093
2666,6393,14075
2667,6394,4807
2668,6397,14078
2669,6398,14082
2670,6399,14083
2671,6400,14087
2672,6402,14090
2673,6403,14090
2674,6404,14090
2675,6405,14090
2676,6406,14090
2677,6407,14090
2678,6408,14090
2679,6409,14090
2680,6410,14090
2681,6411,14090
2682,6412,14090
2683,6413,14090
2684,6414,14090
2685,6415,14121
2686,6416,14121
2687,6417,14121
2688,6418,14121
2689,6419,14121
2690,6420,14121
2691,6421,14121
2692,6422,14121
2693,6423,14121
2694,6424,14121
2695,6425,14121
2696,6426,14121
2697,6427,14121
2698,6428,14121
2699,6429,14121
2700,6430,14121
2701,6431,14121
2702,6432,14121
2703,6433,14122
2704,6434,14123
2705,6435,14124
2706,6437,14125
2707,6438,11374
2708,6439,11374
2709,6440,11374
2710,6441,11374
2711,6442,11374
2712,6443,11374
2713,6444,11374
2714,6445,11374
2715,6446,11374
2716,6447,11374
2717,6448,11374
2718,6449,11374
2719,6450,11374
2720,6451,11374
2721,6452,11374
2722,6453,11374
2723,6454,11374
2724,6455,11374
2725,6456,11374
2726,6457,11374
2727,6458,11374
2728,6460,11374
2729,6461,11374
2730,6462,11374
2731,6463,11374
2732,6464,11374
2733,6465,11374
2734,6466,11374
2735,6467,11374
2736,6468,11374
2737,6469,11374
2738,6470,11374
2739,6471,11374
2740,6472,11374
2741,6473,11374
2742,6474,14225
2743,6475,12997
2744,6482,14230
2745,6483,14232
2746,6521,14275
2747,6524,14275
2748,6533,11093
2749,6534,11093
2750,6535,11093
2751,6536,11093
2752,6537,14284
2753,6538,11093
2754,6539,11093
2755,6540,11093
2756,6541,11093
2757,6542,11093
2758,6543,11093
2759,6544,11093
2760,6545,11093
2761,6546,11093
2762,6547,11093
2763,6548,11093
2764,6549,11093
2765,6550,11093
2766,6551,14285
2767,6552,14285
2768,6553,14285
2769,6554,14289
2770,6555,14289
2771,6556,14289
2772,6568,14289
2773,6574,14317
2774,6575,14317
2775,6577,14322
2776,6578,14322
2777,6579,14322
2778,6580,14322
2779,6581,14322
2780,6582,14322
2781,6584,14322
2782,6585,14322
2783,6586,14322
2784,6587,14322
2785,6588,14322
2786,6589,14322
2787,6590,14322
2788,6603,14329
2789,6614,14330
2790,6615,14341
2791,6615,14331
2792,6617,14342
2793,6618,14342
2794,6623,14344
2795,6625,14345
2796,6629,14342
2797,6630,14342
2798,6631,14345
2799,6632,14349
2800,6633,14371
2801,6634,14373
2802,6635,14374
2803,6636,14453
2804,6637,13385
2805,6638,14454
2806,6639,13387
2807,6640,13385
2808,6641,14461
2809,6642,13385
2810,6643,13387
2811,6644,14462
2812,6645,13385
2813,6646,13385
2814,6647,14463
2815,6648,13385
2816,6654,14342
2817,6655,14342
2818,6660,14344
2819,6662,14345
2820,6666,14342
2821,6704,14485
2822,6705,14485
2823,6706,14485
2824,6707,14485
2825,6708,14485
2826,6709,14485
2827,6710,14485
2828,6711,14485
2829,6712,14485
2830,6713,14485
2831,6714,14485
2832,6715,14485
2833,6716,14485
2834,6717,14487
2835,6721,14491
2836,6725,14492
2837,6728,14516
2838,6731,11559
2839,6732,11559
2840,6733,11559
2841,6734,11559
2842,6735,11559
2843,6736,11559
2844,6737,11559
2845,6738,11559
2846,6739,11559
2847,6740,11559
2848,6741,11559
2849,6742,11559
2850,6743,11559
2851,6744,11559
2852,6745,11559
2853,6775,14565
2854,6776,14571
2855,6777,14575
2856,6790,14565
2857,6791,14571
2858,6792,14575
2859,6793,11527
2860,6794,11527
2861,6795,11527
2862,6796,11527
2863,6797,11527
2864,6798,11527
2865,6799,11527
2866,6800,11527
2867,6801,11527
2868,6802,11527
2869,6803,11527
2870,6804,11527
2871,6805,11527
2872,6806,11527
2873,6807,14591
2874,6808,14592
2875,6811,10987
2876,6812,10987
2877,6813,10987
2878,6814,10987
2879,6815,10987
2880,6816,10987
2881,6817,10987
2882,6818,10987
2883,6819,10987
2884,6820,10987
2885,6821,10987
2886,6822,10987
2887,6823,10987
2888,6824,10987
2889,6861,14625
2890,6862,14626
2891,6863,14627
2892,6864,14631
2893,6866,14632
2894,6891,641
2895,6894,642
2896,6901,5179
2897,6902,5179
2898,6903,12090
2899,6904,9557
2900,6905,9557
2901,6905,9556
2902,6911,11815
2903,6912,11815
2904,6913,11815
2905,6914,14676
2906,6915,14676
2907,6916,14675
2908,6917,14676
2909,6918,14676
2910,6919,14676
2911,6920,14676
2912,6921,14676
2913,6931,3825
2914,6931,1412
2915,6932,3825
2916,6933,1412
2917,6933,3825
2918,6968,14714
2919,6969,14714
2920,6970,14714
2921,6971,14714
2922,6972,14714
2923,6973,14714
2924,6974,14714
2925,6975,14714
2926,6976,14714
2927,6977,14714
2928,6978,14714
2929,6979,14714
2930,6980,14714
2931,6981,14714
2932,6987,14331
2933,6988,14331
2934,7003,14331
2935,7004,14331
2936,7005,14331
2937,7006,14331
2938,7007,14331
2939,7008,14331
2940,7009,1373
2941,7011,14843
2942,7012,14843
2943,7013,14843
2944,7014,14843
2945,7015,14843
2946,7016,14843
2947,7017,14843
2948,7018,14843
2949,7019,14843
2950,7020,14843
2951,7021,14843
2952,7022,14843
2953,7023,14843
2954,7024,14843
2955,7065,5146
2956,7066,1376
2957,7067,1377
2958,7068,9822
2959,7069,14332
2960,7070,14334
2961,7071,14333
2962,7072,3030
2963,7073,6603
2964,7074,14096
2965,7075,9168
2966,7076,359
2967,7077,359
2968,7078,359
2969,7079,359
2970,7080,359
2971,7081,359
2972,7082,359
2973,7083,359
2974,7084,359
2975,7085,359
2976,7086,359
2977,7087,359
2978,7088,359
2979,7089,5146
2980,7091,359
2981,7092,359
2982,7093,1076
2983,7094,7433
2984,7095,13611
2985,7096,14231
2986,7097,14231
2987,7098,14231
2988,7099,14231
2989,7100,14231
2990,7101,14231
2991,7102,14231
2992,7103,14231
2993,7104,14231
2994,7105,14231
2995,7106,14231
2996,7107,14231
2997,7108,14231
2998,7109,14231
2999,7110,14231
3000,7148,2706
3001,7150,10551
3002,7152,12790
3003,7164,7850
3004,7165,13611
3005,7166,14676
3006,7167,14676
3007,7168,14676
3008,7169,4212
3009,7170,14676
3010,7171,8344
3011,7172,8344
3012,7173,8344
3013,7174,8344
3014,7175,8344
3015,7176,8344
3016,7177,8344
3017,7178,8344
3018,7179,8344
3019,7180,8344
3020,7181,8344
3021,7182,8344
3022,7183,8344
3023,7184,8344
3024,7185,8344
3025,7186,8344
3026,7187,8344
3027,7188,8344
3028,7189,8344
3029,7190,8344
3030,7191,8344
3031,7192,14977
3032,7193,14977
3033,7194,14977
3034,7195,14977
3035,7196,14977
3036,7197,14977
3037,7198,14977
3038,7199,14977
3039,7200,14977
3040,7201,14977
3041,7202,14977
3042,7212,13188
3043,7214,13385
3044,7215,14922
3045,7216,14920
3046,7217,13387
3047,7218,645
3048,7219,13385
3049,7220,14920
3050,7221,13387
3051,7222,13385
3052,7223,13132
3053,7224,644
3054,7225,13387
3055,7226,13385
3056,7227,13385
3057,7229,5481
3058,7230,5481
3059,7231,5481
3060,7232,5481
3061,7233,5481
3062,7234,5481
3063,7235,5481
3064,7236,5481
3065,7237,5481
3066,7238,5480
3067,7239,5481
3068,7240,5481
3069,7241,5481
3070,7242,5481
3071,7243,5481
3072,7244,5481
3073,7245,5481
3074,7246,5481
3075,7247,5481
3076,7248,5481
3077,7249,5481
3078,7250,5481
3079,7251,5480
3080,7252,5481
3081,7253,11474
3082,7260,4824
3083,7261,4824
3084,7262,4824
3085,7263,4824
3086,7264,4824
3087,7265,4824
3088,7266,4824
3089,7267,4824
3090,7268,4824
3091,7269,4824
3092,7270,4824
3093,7271,6678
3094,7272,12790
3095,7273,12790
3096,7274,12790
3097,7275,12790
3098,7276,12790
3099,7277,12790
3100,7278,12790
3101,7279,12790
3102,7280,12790
3103,7281,12790
3104,7282,12790
3105,7283,12790
3106,7284,12790
3107,7285,12790
3108,7286,12790
3109,7287,12790
3110,7288,12790
3111,7289,12790
3112,7290,12790
3113,7291,15054
3114,7292,15054
3115,7293,1412
3116,7294,6658
3117,7295,9963
3118,7296,9963
3119,7300,221
3120,7316,5481
3121,7317,5481
3122,7318,5481
3123,7319,5481
3124,7320,5481
3125,7321,5481
3126,7322,5481
3127,7323,5481
3128,7330,4824
3129,7331,4824
3130,7332,4824
3131,7333,4824
3132,7334,4824
3133,7335,11093
3134,7336,11230
3135,7337,5294
3136,7338,12790
3137,7339,12790
3138,7340,12790
3139,7341,12790
3140,7342,12790
3141,7343,12790
3142,7344,15085
3143,7345,15085
3144,7346,15085
3145,7347,15085
3146,7348,15085
3147,7349,15085
3148,7350,15085
3149,7351,15085
3150,7352,15085
3151,7353,15085
3152,7354,15085
3153,7355,15085
3154,7356,15085
3155,7385,12790
3156,7386,5481
3157,7387,5481
3158,7388,12790
3159,7389,12790
3160,7390,12790
3161,7391,12790
3162,7392,9964
3163,7393,9964
3164,7394,9964
3165,7395,9964
3166,7396,9964
3167,7397,9964
3168,7398,9964
3169,7399,9964
3170,7400,9964
3171,7401,9964
3172,7402,9964
3173,7409,4886
3174,7410,4886
3175,7411,4886
3176,7412,4886
3177,7413,4886
3178,7414,4886
3179,7415,4886
3180,7416,4886
3181,7417,4886
3182,7418,4886
3183,7419,4886
3184,7420,4886
3185,7421,4886
3186,7422,4886
3187,7423,7579
3188,7424,5055
3189,7425,7579
3190,7426,7579
3191,7427,7579
3192,7428,7579
3193,7429,7579
3194,7430,7579
3195,7431,7579
3196,7432,7579
3197,7433,7579
3198,7434,7579
3199,7435,7579
3200,7436,7579
3201,7437,7579
3202,7438,7579
3203,7439,7579
3204,7440,7579
3205,7492,1421
3206,7493,1421
3207,7494,1421
3208,7495,1421
3209,7496,1421
3210,7497,1421
3211,7498,1421
3212,7499,1421
3213,7500,1421
3214,7501,1421
3215,7502,1421
3216,7503,1421
3217,7504,1421
3218,7505,1421
3219,7533,15144
3220,7535,15145
3221,7545,1712
3222,7546,1712
3223,7547,1712
3224,7548,1712
3225,7549,1712
3226,7550,1712
3227,7551,1712
3228,7552,1712
3229,7553,1712
3230,7554,1712
3231,7555,1712
3232,7557,1712
3233,7558,1712
3234,7616,4893
3235,7617,4893
3236,7618,4893
3237,7619,15413
3238,7619,4893
3239,7620,4893
3240,7621,4893
3241,7622,4894
3242,7622,4893
3243,7623,4895
3244,7623,4893
3245,7624,4893
3246,7625,4893
3247,7626,4893
3248,7626,4896
3249,7627,4893
3250,7627,4896
3251,7628,4893
3252,7629,4897
3253,7630,4898
3254,7631,4897
3255,7632,4897
3256,7632,4898
3257,7633,4893
3258,7634,4893
3259,7635,4893
3260,7636,4893
3261,7637,4893
3262,7638,2803
3263,7638,4893
3264,7639,2804
3265,7639,2803
3266,7639,4897
3267,7639,4898
3268,7639,4893
3269,7640,2803
3270,7641,4893
3271,7642,4893
3272,7643,4893
3273,7644,15413
3274,7644,4893
3275,7645,4893
3276,7646,4893
3277,7647,4894
3278,7647,4893
3279,7648,4895
3280,7648,4893
3281,7649,4893
3282,7650,4893
3283,7651,4893
3284,7651,4896
3285,7652,4893
3286,7652,4896
3287,7653,4893
3288,7654,4897
3289,7654,4898
3290,7654,4893
3291,7655,4898
3292,7655,4893
3293,7656,4897
3294,7656,4893
3295,7657,4897
3296,7657,4898
3297,7657,4893
3298,7658,4893
3299,7659,4893
3300,7660,4893
3301,7661,4893
3302,7662,4893
3303,7663,2803
3304,7663,4893
3305,7664,2803
3306,7664,4893
3307,7665,15413
3308,7665,2803
3309,7665,4897
3310,7665,4895
3311,7665,4898
3312,7665,4893
3313,7665,4896
3314,7666,4893
3315,7667,4893
3316,7684,5129
3317,7685,5129
3318,7686,5129
3319,7687,5129
3320,7688,5129
3321,7689,5129
3322,7690,5129
3323,7691,5129
3324,7692,5129
3325,7693,5129
3326,7694,5129
3327,7695,5129
3328,7696,5129
3329,7697,5129
3330,7698,5129
3331,7699,5129
3332,7700,5129
3333,7701,5129
3334,7719,15514
3335,7720,15514
3336,7721,15514
3337,7722,15516
3338,7722,15514
3339,7723,15514
3340,7724,15514
3341,7725,15514
3342,7726,15514
3343,7727,15514
3344,7728,15514
3345,7729,5129
3346,7730,5129
3347,7731,5129
3348,7732,5129
3349,7733,5129
3350,7746,5129
3351,7747,5129
3352,7748,5129
3353,7749,5129
3354,7750,5129
3355,7751,5129
3356,7752,5129
3357,7753,5129
3358,7754,5129
3359,7755,5129
3360,7756,5129
3361,7759,15173
3362,7760,15173
3363,7761,15173
3364,7762,15173
3365,7763,15173
3366,7764,15173
3367,7765,15173
3368,7766,15173
3369,7767,15173
3370,7768,15173
3371,7769,5129
3372,7770,5129
3373,7771,15284
3374,7772,15284
3375,7773,15284
3376,7774,15284
3377,7774,15285
3378,7775,15284
3379,7776,15284
3380,7777,15284
3381,7777,15270
3382,7778,15284
3383,7779,15284
3384,7780,15284
3385,7780,15286
3386,7781,15284
3387,7782,15284
3388,7783,15284
3389,7784,15284
3390,7795,15284
3391,7796,15284
3392,7797,15284
3393,7798,15284
3394,7799,15284
3395,7800,15284
3396,7800,15285
3397,7801,15284
3398,7802,15284
3399,7803,15284
3400,7804,15284
3401,7804,15270
3402,7805,15284
3403,7806,15284
3404,7807,15284
3405,7808,15286
3406,7808,15284
3407,7809,15284
3408,7810,15284
3409,7811,15284
3410,7812,15284
3411,7813,15284
3412,7838,3836
3413,7839,3836
3414,7840,3836
3415,7841,3836
3416,7842,3836
3417,7843,3836
3418,7844,3836
3419,7845,3836
3420,7846,3836
3421,7847,3836
3422,7848,9003
3423,7848,3836
3424,7849,3836
3425,7850,3836
3426,7851,3836
3427,7852,3836
3428,7868,13133
3429,7869,13133
3430,7870,13133
3431,7871,13133
3432,7872,13133
3433,7872,5131
3434,7873,13133
3435,7874,13133
3436,7875,13133
3437,7876,13133
3438,7877,13134
3439,7877,13133
3440,7878,13133
3441,7879,13133
3442,7880,13133
3443,7881,13133
3444,7882,13133
3445,7883,13133
3446,7884,13133
3447,7885,13133
3448,7886,13133
3449,7887,13133
3450,7888,13133
3451,7888,13135
3452,7889,13133
3453,7890,13133
3454,7891,13133
3455,7892,13133
3456,7893,13133
3457,7893,5131
3458,7894,13133
3459,7895,13133
3460,7896,13133
3461,7897,13133
3462,7898,13133
3463,7899,13133
3464,7900,13133
3465,7901,13133
3466,7902,13134
3467,7902,13133
3468,7903,13133
3469,7904,13133
3470,7905,13133
3471,7906,13133
3472,7920,5129
3473,7922,5129
3474,7923,5129
3475,7936,5156
3476,7937,5156
3477,7938,5156
3478,7939,5156
3479,7940,5156
3480,7941,5156
3481,7942,5156
3482,7943,5156
3483,7944,5156
3484,7945,5156
3485,7946,5156
3486,7947,5156
3487,7948,5156
3488,7949,5157
3489,7960,1325
3490,7967,14026
3491,7995,14676
3492,7998,15625
3493,7999,15626
3494,8001,15625
3495,8003,15625
3496,8005,15625
3497,8007,15625
3498,8008,15625
3499,8010,15625
3500,8012,15625
3501,8014,15625
3502,8015,15625
3503,8017,15625
3504,8018,5156
3505,8019,5156
3506,8020,5156
3507,8021,5156
3508,8022,5156
3509,8023,5155
3510,8024,5156
3511,8025,5156
3512,8026,5156
3513,8027,5156
3514,8028,5156
3515,8029,5156
3516,8030,5157
3517,8031,5157
3518,8032,5156
3519,8033,5156
3520,8034,5156
3521,8035,5156
3522,8036,5156
3523,8037,5156
3524,8038,5156
3525,8039,5156
3526,8040,5156
3527,8041,5156
3528,8062,5182
3529,8074,4807
3530,8075,4807
3531,8076,4807
3532,8077,12790
3533,8089,5182
3534,8115,1325
3535,8117,14026
3536,8123,14027
3537,8204,15085
3538,8237,15747
3539,8238,15747
3540,8239,15747
3541,8240,15747
3542,8241,15748
3543,8242,15747
3544,8243,15747
3545,8245,15747
3546,8246,15747
3547,8247,15747
3548,8248,15747
3549,8259,647
3550,8260,648
3551,8261,649
3552,8262,650
3553,8263,651
3554,8264,652
3555,8265,653
3556,8266,654
3557,8267,655
3558,8268,656
3559,8269,657
3560,8270,658
3561,8285,4807
3562,8286,4807
3563,8287,4807
3564,8288,4807
3565,8289,15767
3566,8290,15767
3567,8291,15767
3568,8292,15767
3569,8293,15767
3570,8294,15767
3571,8295,15767
3572,8296,15767
3573,8297,15767
3574,8298,15767
3575,8299,15767
3576,8300,15767
3577,8301,15767
3578,8302,15767
3579,8303,15767
3580,8304,15210
3581,8315,5938
3582,8320,15807
3583,8322,15811
3584,8323,15811
3585,8325,15811
3586,8327,15811
3587,8328,15811
3588,8330,15811
3589,8332,15811
3590,8333,15811
3591,8335,15811
3592,8337,15811
3593,8338,15811
3594,8340,15811
3595,8341,3033
3596,8342,3033
3597,8343,3033
3598,8344,3033
3599,8345,3033
3600,8346,3033
3601,8347,3033
3602,8348,3033
3603,8349,3033
3604,8350,3033
3605,8351,3033
3606,8352,3033
3607,8353,3034
3608,8354,3033
3609,8355,9499
3610,8356,5235
3611,8357,9499
3612,8358,5235
3613,8359,14507
3614,8360,14507
3615,8361,14507
3616,8362,14507
3617,8363,14507
3618,8364,14507
3619,8365,14507
3620,8366,14507
3621,8367,14507
3622,8368,14507
3623,8369,14507
3624,8370,14507
3625,8386,3033
3626,8387,3035
3627,8388,3035
3628,8389,3035
3629,8390,3035
3630,8391,3035
3631,8392,3035
3632,8393,3035
3633,8394,3035
3634,8395,3035
3635,8396,3035
3636,8397,3035
3637,8398,3035
3638,8399,3035
3639,8400,3035
3640,8401,3035
3641,8426,15942
3642,8427,15942
3643,8428,15942
3644,8429,15942
3645,8430,15942
3646,8431,15942
3647,8432,15942
3648,8433,15942
3649,8434,15942
3650,8435,15942
3651,8436,15942
3652,8437,15942
3653,8438,15954
3654,8439,12790
3655,8440,12790
3656,8452,5260
3657,8453,7102
3658,8454,7103
3659,8455,7104
3660,8456,2252
3661,8457,7105
3662,8458,7106
3663,8459,7107
3664,8460,7108
3665,8461,7090
3666,8462,7091
3667,8463,7092
3668,8464,7093
3669,8465,7094
3670,8466,7095
3671,8467,7096
3672,8468,7097
3673,8469,3390
3674,8470,7098
3675,8471,7099
3676,8472,4429
3677,8473,5184
3678,8474,7100
3679,8477,15954
3680,8478,15954
3681,8479,15954
3682,8480,15954
3683,8481,15954
3684,8482,15954
3685,8483,15954
3686,8484,15954
3687,8485,15954
3688,8486,15954
3689,8487,15954
3690,8488,16221
3691,8496,16221
3692,8497,16221
3693,8498,16221
3694,8499,11472
3695,8500,16221
3696,8501,12094
3697,8502,16222
3698,8503,16221
3699,8504,16221
3700,8505,16221
3701,8506,16221
3702,8507,16221
3703,8508,16221
3704,8509,16269
3705,8510,16269
3706,8511,16269
3707,8512,16269
3708,8513,16269
3709,8514,16269
3710,8515,16269
3711,8516,16269
3712,8517,16269
3713,8518,16102
3714,8519,16269
3715,8520,16269
3716,8521,16269
3717,8526,1712
3718,8527,1712
3719,8528,1712
3720,8529,1712
3721,8530,1712
3722,8531,1712
3723,8532,1712
3724,8533,1712
3725,8534,1712
3726,8535,1712
3727,8536,1715
3728,8537,1712
3729,8538,1712
3730,8539,510
3731,8540,16295
3732,8541,16295
3733,8542,16294
3734,8543,16295
3735,8544,16294
3736,8545,16295
3737,8546,16295
3738,8547,16295
3739,8548,16295
3740,8549,16295
3741,8550,16295
3742,8551,16295
3743,8552,16293
3744,8553,16295
3745,8554,9599
3746,8555,11319
3747,8556,11319
3748,8557,11319
3749,8558,11319
3750,8559,11319
3751,8560,11319
3752,8561,11319
3753,8562,11319
3754,8563,11319
3755,8564,11319
3756,8565,11319
3757,8566,11319
3758,8567,11319
3759,8568,11319
3760,8569,11319
3761,8570,11319
3762,8571,11319
3763,8572,11319
3764,8573,11319
3765,8574,11319
3766,8575,11319
3767,8576,11319
3768,8577,11319
3769,8578,11319
3770,8579,11319
3771,8580,11319
3772,8581,11319
3773,8582,11319
3774,8583,11319
3775,8584,11319
3776,8585,11319
3777,8586,11319
3778,8587,11319
3779,8588,11319
3780,8589,11319
3781,8590,11319
3782,8591,11319
3783,8592,11319
3784,8593,11319
3785,8594,11319
3786,8595,11319
3787,8596,16302
3788,8597,16296
3789,8598,4844
3790,8599,16308
3791,8600,16308
3792,8601,16308
3793,8602,16308
3794,8603,16308
3795,8604,16308
3796,8605,16308
3797,8606,16308
3798,8607,16308
3799,8608,16308
3800,8609,16308
3801,8610,16308
3802,8611,16308
3803,8612,16308
3804,8613,16308
3805,8614,16308
3806,8615,16308
3807,8616,4844
3808,8617,4844
3809,8618,4844
3810,8619,4844
3811,8620,4844
3812,8621,4844
3813,8622,4844
3814,8623,4844
3815,8624,4844
3816,8625,4844
3817,8626,4844
3818,8627,4844
3819,8628,4844
3820,8629,4844
3821,8630,4844
3822,8632,14481
3823,8633,14481
3824,8634,14481
3825,8635,14481
3826,8636,14481
3827,8637,14481
3828,8638,14482
3829,8639,14481
3830,8640,14481
3831,8641,14483
3832,8642,14481
3833,8643,14481
3834,8644,14481
3835,8645,14481
3836,8661,4834
3837,8672,1056
3838,8676,1990
3839,8677,1056
3840,8682,9600
3841,8683,9600
3842,8684,9600
3843,8685,9600
3844,8686,9600
3845,8687,9600
3846,8688,9600
3847,8689,9600
3848,8690,9600
3849,8694,15511
3850,8695,15511
3851,8696,15511
3852,8697,15511
3853,8698,15511
3854,8699,15511
3855,8700,15511
3856,8701,15511
3857,8702,15511
3858,8703,15511
3859,8704,15511
3860,8705,15511
3861,8706,15511
3862,8707,15511
3863,8708,15511
3864,8709,15511
3865,8731,16423
3866,8732,16423
3867,8733,16423
3868,8734,16423
3869,8735,16423
3870,8736,16423
3871,8737,16423
3872,8738,16423
3873,8739,16423
3874,8740,16423
3875,8741,659
3876,8742,659
3877,8743,659
3878,8744,659
3879,8745,659
3880,8746,659
3881,8749,659
3882,8750,659
3883,8751,659
3884,8752,659
3885,8792,15511
3886,8793,15511
3887,8794,15511
3888,8795,15511
3889,8796,15511
3890,8797,15511
3891,8798,15511
3892,8799,15511
3893,8800,15511
3894,8801,15511
3895,8802,15511
3896,8803,15511
3897,8804,15511
3898,8805,16443
3899,8806,16443
3900,8807,16443
3901,8808,16443
3902,8809,16443
3903,8810,16443
3904,8811,16443
3905,8812,16443
3906,8813,16443
3907,8814,16443
3908,8815,16443
3909,8816,16443
3910,8817,16443
3911,8818,15511
3912,8819,15511
3913,8820,15511
3914,8821,15511
3915,8822,16443
3916,8823,15511
3917,8824,16455
3918,8825,15521
3919,8826,16461
3920,8827,16463
3921,8828,15323
3922,8829,16465
3923,8842,16468
3924,8843,16468
3925,8844,16468
3926,8845,16468
3927,8846,16468
3928,8847,16468
3929,8848,16468
3930,8849,16468
3931,8850,16468
3932,8851,16468
3933,8852,16468
3934,8853,16468
3935,8854,16470
3936,8855,16470
3937,8856,16470
3938,8857,16470
3939,8858,16470
3940,8859,16470
3941,8860,16470
3942,8861,16470
3943,8862,16470
3944,8863,3038
3945,8864,3038
3946,8865,3038
3947,8866,3038
3948,8867,3038
3949,8868,3038
3950,8869,3038
3951,8870,3038
3952,8871,3038
3953,8872,3038
3954,8873,3038
3955,8874,3038
3956,8875,3038
3957,8876,3038
3958,8877,3038
3959,8878,3038
3960,8880,16468
3961,8881,16468
3962,8882,16468
3963,8883,16470
3964,8884,3039
3965,8885,3039
3966,8886,3039
3967,8887,3039
3968,8888,3039
3969,8889,3039
3970,8890,3039
3971,8891,3039
3972,8892,3039
3973,8893,3039
3974,8894,3039
